"Longitude (x)","Latitude (y)","Station Name","Climate ID","Date/Time","Year","Month","Day","Data Quality","Max Temp (°C)","Max Temp Flag","Min Temp (°C)","Min Temp Flag","Mean Temp (°C)","Mean Temp Flag","Heat Deg Days (°C)","Heat Deg Days Flag","Cool Deg Days (°C)","Cool Deg Days Flag","Total Rain (mm)","Total Rain Flag","Total Snow (cm)","Total Snow Flag","Total Precip (mm)","Total Precip Flag","Snow on Grnd (cm)","Snow on Grnd Flag","Dir of Max Gust (10s deg)","Dir of Max Gust Flag","Spd of Max Gust (km/h)","Spd of Max Gust Flag"
"-97.25","49.92","WINNIPEG A CS","502S001","2022-01-01","2022","01","01","","-25.8","","-35.6","","-30.7","","48.7","","0.0","","","","","","0.0","","13","","","","",""
"-97.25","49.92","WINNIPEG A CS","502S001","2022-01-02","2022","01","02","","-18.6","","-33.5","","-26.0","","44.0","","0.0","","","","","","0.0","","13","","16","","46",""
"-97.25","49.92","WINNIPEG A CS","502S001","2022-01-03","2022","01","03","","-17.0","","-26.8","","-21.9","","39.9","","0.0","","","","","","0.0","","21","","","","",""
"-97.25","49.92","WINNIPEG A CS","502S001","2022-01-04","2022","01","04","","-13.7","","-20.6","","-17.2","","35.2","","0.0","","","","","","0.8","","20","","2","","59",""
"-97.25","49.92","WINNIPEG A CS","502S001","2022-01-05","2022","01","05","","-20.5","","-26.8","","-23.6","","41.6","","0.0","","","","","","0.0","","12","","1","","57",""
"-97.25","49.92","WINNIPEG A CS","502S001","2022-01-06","2022","01","06","","-23.4","","-30.2","","-26.8","","44.8","","0.0","","","","","","0.0","","12","","","","",""
"-97.25","49.92","WINNIPEG A CS","502S001","2022-01-07","2022","01","07","","-14.7","","-32.2","","-23.5","","41.5","","0.0","","","","","","0.5","","7","","16","","48",""
"-97.25","49.92","WINNIPEG A CS","502S001","2022-01-08","2022","01","08","","-9.9","","-23.1","","-16.5","","34.5","","0.0","","","","","","1.8","","12","","30","","53",""
"-97.25","49.92","WINNIPEG A CS","502S001","2022-01-09","2022","01","09","","-22.8","","-29.3","","-26.0","","44.0","","0.0","","","","","","0.0","","11","","29","","35",""
"-97.25","49.92","WINNIPEG A CS","502S001","2022-01-10","2022","01","10","","-17.9","","-32.6","","-25.3","","43.3","","0.0","","","","","","0.0","","12","","18","","54",""
"-97.25","49.92","WINNIPEG A CS","502S001","2022-01-11","2022","01","11","","-7.1","","-18.5","","-12.8","","30.8","","0.0","","","","","","0.0","","10","","18","","55",""
"-97.25","49.92","WINNIPEG A CS","502S001","2022-01-12","2022","01","12","","-5.1","","-14.6","","-9.8","","27.8","","0.0","","","","","","0.7","","10","","18","","38",""
"-97.25","49.92","WINNIPEG A CS","502S001","2022-01-13","2022","01","13","","-5.1","","-19.8","","-12.5","","30.5","","0.0","","","","","","0.0","","11","","5","","39",""
"-97.25","49.92","WINNIPEG A CS","502S001","2022-01-14","2022","01","14","","-16.1","","-23.5","","-19.8","","37.8","","0.0","","","","","","0.0","","10","","","","",""
"-97.25","49.92","WINNIPEG A CS","502S001","2022-01-15","2022","01","15","","-8.6","","-22.4","","-15.5","","33.5","","0.0","","","","","","0.5","","10","","18","","63",""
"-97.25","49.92","WINNIPEG A CS","502S001","2022-01-16","2022","01","16","","-0.5","","-10.0","","-5.3","","23.3","","0.0","","","","","","0.2","","7","","34","","44",""
"-97.25","49.92","WINNIPEG A CS","502S001","2022-01-17","2022","01","17","","-2.9","","-15.5","","-9.2","","27.2","","0.0","","","","","","0.7","","7","","1","","41",""
"-97.25","49.92","WINNIPEG A CS","502S001","2022-01-18","2022","01","18","","-8.6","","-20.7","","-14.6","","32.6","","0.0","","","","","","6.4","","15","","34","","58",""
"-97.25","49.92","WINNIPEG A CS","502S001","2022-01-19","2022","01","19","","-20.0","","-31.0","","-25.5","","43.5","","0.0","","","","","","0.2","","10","","33","","44",""
"-97.25","49.92","WINNIPEG A CS","502S001","2022-01-20","2022","01","20","","-21.4","","-32.6","","-27.0","","45.0","","0.0","","","","","","0.3","","8","","18","","62",""
"-97.25","49.92","WINNIPEG A CS","502S001","2022-01-21","2022","01","21","","-6.7","","-21.4","","-14.1","","32.1","","0.0","","","","","","2.5","","11","","18","","73",""
"-97.25","49.92","WINNIPEG A CS","502S001","2022-01-22","2022","01","22","","-18.8","","-30.3","","-24.6","","42.6","","0.0","","","","","","0.0","","9","","30","","32",""
"-97.25","49.92","WINNIPEG A CS","502S001","2022-01-23","2022","01","23","","-16.1","","-31.0","","-23.5","","41.5","","0.0","","","","","","0.7","","9","","18","","39",""
"-97.25","49.92","WINNIPEG A CS","502S001","2022-01-24","2022","01","24","","-24.7","","-34.6","","-29.6","","47.6","","0.0","","","","","","0.0","","11","","","","",""
"-97.25","49.92","WINNIPEG A CS","502S001","2022-01-25","2022","01","25","","-23.0","","-35.5","","-29.2","","47.2","","0.0","","","","","","0.0","","10","","18","","42",""
"-97.25","49.92","WINNIPEG A CS","502S001","2022-01-26","2022","01","26","","-1.2","","-25.2","","-13.2","","31.2","","0.0","","","","","","1.0","","9","","18","","69",""
"-97.25","49.92","WINNIPEG A CS","502S001","2022-01-27","2022","01","27","","-8.8","","-23.5","","-16.1","","34.1","","0.0","","","","","","0.0","","9","","2","","55",""
"-97.25","49.92","WINNIPEG A CS","502S001","2022-01-28","2022","01","28","","-13.0","","-23.2","","-18.1","","36.1","","0.0","","","","","","0.0","","9","","16","","35",""
"-97.25","49.92","WINNIPEG A CS","502S001","2022-01-29","2022","01","29","","-10.3","","-20.9","","-15.6","","33.6","","0.0","","","","","","0.0","","9","","18","","47",""
"-97.25","49.92","WINNIPEG A CS","502S001","2022-01-30","2022","01","30","","-10.5","","-23.7","","-17.1","","35.1","","0.0","","","","","","0.0","","9","","17","","49",""
"-97.25","49.92","WINNIPEG A CS","502S001","2022-01-31","2022","01","31","","-3.4","","-15.9","","-9.7","","27.7","","0.0","","","","","","3.7","","9","","16","","60",""
"-97.25","49.92","WINNIPEG A CS","502S001","2022-02-01","2022","02","01","","-2.4","","-26.4","","-14.4","","32.4","","0.0","","","","","","0.0","","13","","33","","73",""
"-97.25","49.92","WINNIPEG A CS","502S001","2022-02-02","2022","02","02","","-23.5","","-30.4","","-26.9","","44.9","","0.0","","","","","","0.0","","9","","","","",""
"-97.25","49.92","WINNIPEG A CS","502S001","2022-02-03","2022","02","03","","-20.5","","-33.2","","-26.8","","44.8","","0.0","","","","","","0.1","","8","","17","","47",""
"-97.25","49.92","WINNIPEG A CS","502S001","2022-02-04","2022","02","04","","-20.7","","-30.9","","-25.8","","43.8","","0.0","","","","","","0.2","","10","","","","",""
"-97.25","49.92","WINNIPEG A CS","502S001","2022-02-05","2022","02","05","","-13.8","","-22.5","","-18.1","","36.1","","0.0","","","","","","2.9","","20","","13","","40",""
"-97.25","49.92","WINNIPEG A CS","502S001","2022-02-06","2022","02","06","","-15.9","","-23.5","","-19.7","","37.7","","0.0","","","","","","0.0","","16","","","","",""
"-97.25","49.92","WINNIPEG A CS","502S001","2022-02-07","2022","02","07","","-8.5","","-19.1","","-13.8","","31.8","","0.0","","","","","","0.0","","14","","18","","50",""
"-97.25","49.92","WINNIPEG A CS","502S001","2022-02-08","2022","02","08","","2.4","","-9.3","","-3.5","","21.5","","0.0","","","","","","0.6","","11","","32","","62",""
"-97.25","49.92","WINNIPEG A CS","502S001","2022-02-09","2022","02","09","","-1.6","","-12.5","","-7.1","","25.1","","0.0","","","","","","0.0","","10","","35","","56",""
"-97.25","49.92","WINNIPEG A CS","502S001","2022-02-10","2022","02","10","","-1.6","","-12.1","","-6.8","","24.8","","0.0","","","","","","3.5","","10","","1","","57",""
"-97.25","49.92","WINNIPEG A CS","502S001","2022-02-11","2022","02","11","","-10.5","","-32.4","","-21.4","","39.4","","0.0","","","","","","0.0","","10","","36","","68",""
"-97.25","49.92","WINNIPEG A CS","502S001","2022-02-12","2022","02","12","","-19.2","","-32.0","","-25.6","","43.6","","0.0","","","","","","0.0","","14","","19","","34",""
"-97.25","49.92","WINNIPEG A CS","502S001","2022-02-13","2022","02","13","","-18.3","","-31.8","","-25.1","","43.1","","0.0","","","","","","0.9","","14","","15","","50",""
"-97.25","49.92","WINNIPEG A CS","502S001","2022-02-14","2022","02","14","","-17.0","","-30.4","","-23.7","","41.7","","0.0","","","","","","0.0","","22","","","","",""
"-97.25","49.92","WINNIPEG A CS","502S001","2022-02-15","2022","02","15","","-11.7","","-23.7","","-17.7","","35.7","","0.0","","","","","","1.6","","22","","","","",""
"-97.25","49.92","WINNIPEG A CS","502S001","2022-02-16","2022","02","16","","-12.2","","-29.5","","-20.9","","38.9","","0.0","","","","","","0.1","","26","","33","","63",""
"-97.25","49.92","WINNIPEG A CS","502S001","2022-02-17","2022","02","17","","-21.6","","-34.8","","-28.2","","46.2","","0.0","","","","","","0.0","","19","","15","","37",""
"-97.25","49.92","WINNIPEG A CS","502S001","2022-02-18","2022","02","18","","-17.3","","-26.7","","-22.0","","40.0","","0.0","","","","","","1.5","","24","","33","","54",""
"-97.25","49.92","WINNIPEG A CS","502S001","2022-02-19","2022","02","19","","-4.0","","-28.5","","-16.3","","34.3","","0.0","","","","","","5.6","","37","","16","","64",""
"-97.25","49.92","WINNIPEG A CS","502S001","2022-02-20","2022","02","20","","-8.4","","-28.0","","-18.2","","36.2","","0.0","","","","","","0.5","","37","","3","","55",""
"-97.25","49.92","WINNIPEG A CS","502S001","2022-02-21","2022","02","21","","-24.3","","-29.2","","-26.7","","44.7","","0.0","","","","","","0.0","","35","","1","","36",""
"-97.25","49.92","WINNIPEG A CS","502S001","2022-02-22","2022","02","22","","-22.4","","-34.1","","-28.2","","46.2","","0.0","","","","","","0.0","","35","","","","",""
"-97.25","49.92","WINNIPEG A CS","502S001","2022-02-23","2022","02","23","","-20.2","","-34.9","","-27.5","","45.5","","0.0","","","","","","0.0","","34","","","","",""
"-97.25","49.92","WINNIPEG A CS","502S001","2022-02-24","2022","02","24","","-17.5","","-33.1","","-25.3","","43.3","","0.0","","","","","","0.0","","34","","19","","35",""
"-97.25","49.92","WINNIPEG A CS","502S001","2022-02-25","2022","02","25","","-13.6","","-28.0","","-20.8","","38.8","","0.0","","","","","","0.0","","34","","19","","45",""
"-97.25","49.92","WINNIPEG A CS","502S001","2022-02-26","2022","02","26","","-6.1","","-16.8","","-11.4","","29.4","","0.0","","","","","","0.0","","34","","20","","41",""
"-97.25","49.92","WINNIPEG A CS","502S001","2022-02-27","2022","02","27","","-11.4","","-16.5","","-13.9","","31.9","","0.0","","","","","","0.4","","34","","","","",""
"-97.25","49.92","WINNIPEG A CS","502S001","2022-02-28","2022","02","28","","-10.0","","-18.4","","-14.2","","32.2","","0.0","","","","","","2.0","","33","","","","",""
"-97.25","49.92","WINNIPEG A CS","502S001","2022-03-01","2022","03","01","","-9.4","","-25.0","","-17.2","","35.2","","0.0","","","","","","0.0","","35","","","","",""
"-97.25","49.92","WINNIPEG A CS","502S001","2022-03-02","2022","03","02","","-11.3","","-28.8","","-20.0","","38.0","","0.0","","","","","","0.0","","35","","1","","33",""
"-97.25","49.92","WINNIPEG A CS","502S001","2022-03-03","2022","03","03","","-12.8","","-30.8","","-21.8","","39.8","","0.0","","","","","","0.0","","35","","","","",""
"-97.25","49.92","WINNIPEG A CS","502S001","2022-03-04","2022","03","04","","-6.1","","-19.6","","-12.9","","30.9","","0.0","","","","","","0.0","","35","","6","","33",""
"-97.25","49.92","WINNIPEG A CS","502S001","2022-03-05","2022","03","05","","-4.3","","-7.5","","-5.9","","23.9","","0.0","","","","","","0.0","","35","","1","","31",""
"-97.25","49.92","WINNIPEG A CS","502S001","2022-03-06","2022","03","06","","-7.2","","-16.5","","-11.8","","29.8","","0.0","","","","","","0.1","","33","","32","","33",""
"-97.25","49.92","WINNIPEG A CS","502S001","2022-03-07","2022","03","07","","-3.5","","-18.8","","-11.2","","29.2","","0.0","","","","","","0.0","","36","","18","","41",""
"-97.25","49.92","WINNIPEG A CS","502S001","2022-03-08","2022","03","08","","-2.7","","-14.3","","-8.5","","26.5","","0.0","","","","","","0.1","","35","","31","","66",""
"-97.25","49.92","WINNIPEG A CS","502S001","2022-03-09","2022","03","09","","-14.3","","-23.8","","-19.1","","37.1","","0.0","","","","","","0.0","","36","","31","","32",""
"-97.25","49.92","WINNIPEG A CS","502S001","2022-03-10","2022","03","10","","-9.2","","-23.1","","-16.2","","34.2","","0.0","","","","","","0.8","","35","","32","","66",""
"-97.25","49.92","WINNIPEG A CS","502S001","2022-03-11","2022","03","11","","-15.9","","-23.1","","-19.5","","37.5","","0.0","","","","","","0.0","","35","","32","","57",""
"-97.25","49.92","WINNIPEG A CS","502S001","2022-03-12","2022","03","12","","-6.1","","-26.4","","-16.3","","34.3","","0.0","","","","","","0.4","","35","","18","","63",""
"-97.25","49.92","WINNIPEG A CS","502S001","2022-03-13","2022","03","13","","-7.2","","-17.5","","-12.4","","30.4","","0.0","","","","","","0.0","","35","","30","","45",""
"-97.25","49.92","WINNIPEG A CS","502S001","2022-03-14","2022","03","14","","-3.6","","-15.2","","-9.4","","27.4","","0.0","","","","","","0.0","","35","","18","","47",""
"-97.25","49.92","WINNIPEG A CS","502S001","2022-03-15","2022","03","15","","2.2","","-8.3","","-3.1","","21.1","","0.0","","","","","","0.7","","35","","18","","48",""
"-97.25","49.92","WINNIPEG A CS","502S001","2022-03-16","2022","03","16","","1.1","","-5.5","","-2.2","","20.2","","0.0","","","","","","0.0","","34","","31","","47",""
"-97.25","49.92","WINNIPEG A CS","502S001","2022-03-17","2022","03","17","","2.2","","-4.4","","-1.1","","19.1","","0.0","","","","","","0.5","","33","","","","",""
"-97.25","49.92","WINNIPEG A CS","502S001","2022-03-18","2022","03","18","","2.2","","-5.7","","-1.8","","19.8","","0.0","","","","","","0.0","","28","","17","","49",""
"-97.25","49.92","WINNIPEG A CS","502S001","2022-03-19","2022","03","19","","5.2","","-5.3","","-0.1","","18.1","","0.0","","","","","","0.0","","26","","","","",""
"-97.25","49.92","WINNIPEG A CS","502S001","2022-03-20","2022","03","20","","7.8","","-6.0","","0.9","","17.1","","0.0","","","","","","0.0","","22","","10","","38",""
"-97.25","49.92","WINNIPEG A CS","502S001","2022-03-21","2022","03","21","","6.0","","0.1","","3.1","","14.9","","0.0","","","","","","6.2","","18","","11","","46",""
"-97.25","49.92","WINNIPEG A CS","502S001","2022-03-22","2022","03","22","","2.3","","-0.1","","1.1","","16.9","","0.0","","","","","","1.3","","17","","","","",""
"-97.25","49.92","WINNIPEG A CS","502S001","2022-03-23","2022","03","23","","1.3","","-5.4","","-2.0","","20.0","","0.0","","","","","","0.0","","13","","1","","42",""
"-97.25","49.92","WINNIPEG A CS","502S001","2022-03-24","2022","03","24","","4.2","","-6.9","","-1.3","","19.3","","0.0","","","","","","0.3","","12","","31","","68",""
"-97.25","49.92","WINNIPEG A CS","502S001","2022-03-25","2022","03","25","","0.2","","-11.9","","-5.9","","23.9","","0.0","","","","","","0.0","","6","","32","","68",""
"-97.25","49.92","WINNIPEG A CS","502S001","2022-03-26","2022","03","26","","-11.6","","-17.5","","-14.6","","32.6","","0.0","","","","","","0.0","","6","","33","","41",""
"-97.25","49.92","WINNIPEG A CS","502S001","2022-03-27","2022","03","27","","-10.1","","-20.0","","-15.0","","33.0","","0.0","","","","","","0.0","","6","","","","",""
"-97.25","49.92","WINNIPEG A CS","502S001","2022-03-28","2022","03","28","","1.3","","-11.6","","-5.2","","23.2","","0.0","","","","","","0.0","","6","","15","","52",""
"-97.25","49.92","WINNIPEG A CS","502S001","2022-03-29","2022","03","29","","3.7","","-1.0","","1.3","","16.7","","0.0","","","","","","4.4","","6","","18","","48",""
"-97.25","49.92","WINNIPEG A CS","502S001","2022-03-30","2022","03","30","","-0.1","","-8.8","","-4.5","","22.5","","0.0","","","","","","0.0","","7","","35","","49",""
"-97.25","49.92","WINNIPEG A CS","502S001","2022-03-31","2022","03","31","","-1.2","","-12.9","","-7.0","","25.0","","0.0","","","","","","0.0","","7","","","","",""
"-97.25","49.92","WINNIPEG A CS","502S001","2022-04-01","2022","04","01","","7.0","","-2.9","","2.1","","15.9","","0.0","","","","","","0.0","","7","","18","","42",""
"-97.25","49.92","WINNIPEG A CS","502S001","2022-04-02","2022","04","02","","0.5","","-4.4","","-1.9","","19.9","","0.0","","","","","","0.0","","5","","32","","43",""
"-97.25","49.92","WINNIPEG A CS","502S001","2022-04-03","2022","04","03","","1.7","","-5.3","","-1.8","","19.8","","0.0","","","","","","0.0","","4","","","","",""
"-97.25","49.92","WINNIPEG A CS","502S001","2022-04-04","2022","04","04","","7.2","","-2.2","","2.5","","15.5","","0.0","","","","","","0.0","","4","","18","","43",""
"-97.25","49.92","WINNIPEG A CS","502S001","2022-04-05","2022","04","05","","3.3","","1.1","","2.2","","15.8","","0.0","","","","","","0.8","","0","","9","","48",""
"-97.25","49.92","WINNIPEG A CS","502S001","2022-04-06","2022","04","06","","1.6","","0.4","","1.0","","17.0","","0.0","","","","","","3.9","","1","","34","","60",""
"-97.25","49.92","WINNIPEG A CS","502S001","2022-04-07","2022","04","07","","4.3","","-1.6","","1.3","","16.7","","0.0","","","","","","0.9","","1","","2","","67",""
"-97.25","49.92","WINNIPEG A CS","502S001","2022-04-08","2022","04","08","","5.1","","-2.8","","1.2","","16.8","","0.0","","","","","","0.0","","","","1","","37",""
"-97.25","49.92","WINNIPEG A CS","502S001","2022-04-09","2022","04","09","","8.5","","-3.3","","2.6","","15.4","","0.0","","","","","","0.0","","","","17","","58",""
"-97.25","49.92","WINNIPEG A CS","502S001","2022-04-10","2022","04","10","","10.0","","-0.1","","5.0","","13.0","","0.0","","","","","","0.0","","","","19","","38",""
"-97.25","49.92","WINNIPEG A CS","502S001","2022-04-11","2022","04","11","","5.6","","-4.1","","0.8","","17.2","","0.0","","","","","","0.0","","","","29","","47",""
"-97.25","49.92","WINNIPEG A CS","502S001","2022-04-12","2022","04","12","","0.1","","-6.2","","-3.0","","21.0","","0.0","","","","","","0.0","","","","3","","56",""
"-97.25","49.92","WINNIPEG A CS","502S001","2022-04-13","2022","04","13","","0.9","","-2.1","","-0.6","","18.6","","0.0","","","","","","7.9","","","","5","","68",""
"-97.25","49.92","WINNIPEG A CS","502S001","2022-04-14","2022","04","14","","-1.8","","-8.8","","-5.3","","23.3","","0.0","","","","","","2.4","","7","","1","","59",""
"-97.25","49.92","WINNIPEG A CS","502S001","2022-04-15","2022","04","15","","-5.0","","-10.7","","-7.9","","25.9","","0.0","","","","","","0.0","","6","","34","","43",""
"-97.25","49.92","WINNIPEG A CS","502S001","2022-04-16","2022","04","16","","-2.6","","-13.2","","-7.9","","25.9","","0.0","","","","","","0.0","","7","","","","",""
"-97.25","49.92","WINNIPEG A CS","502S001","2022-04-17","2022","04","17","","-2.4","","-13.7","","-8.0","","26.0","","0.0","","","","","","4.3","","5","","","","",""
"-97.25","49.92","WINNIPEG A CS","502S001","2022-04-18","2022","04","18","","-0.5","","-10.2","","-5.3","","23.3","","0.0","","","","","","0.1","","13","","","","",""
"-97.25","49.92","WINNIPEG A CS","502S001","2022-04-19","2022","04","19","","3.9","","-11.8","","-4.0","","22.0","","0.0","","","","","","0.0","","10","","16","","44",""
"-97.25","49.92","WINNIPEG A CS","502S001","2022-04-20","2022","04","20","","5.5","","0.7","","3.1","","14.9","","0.0","","","","","","0.0","","8","","17","","49",""
"-97.25","49.92","WINNIPEG A CS","502S001","2022-04-21","2022","04","21","","4.0","","-0.1","","2.0","","16.0","","0.0","","","","","","0.0","","","","34","","51",""
"-97.25","49.92","WINNIPEG A CS","502S001","2022-04-22","2022","04","22","","3.9","","0.6","","2.3","","15.7","","0.0","","","","","","12.7","","","","9","","47",""
"-97.25","49.92","WINNIPEG A CS","502S001","2022-04-23","2022","04","23","","2.9","","1.6","","2.3","","15.7","","0.0","","","","","","32.4","","","","6","","62",""
"-97.25","49.92","WINNIPEG A CS","502S001","2022-04-24","2022","04","24","","1.7","","-4.1","","-1.2","","19.2","","0.0","","","","","","7.8","","1","","36","","76",""
"-97.25","49.92","WINNIPEG A CS","502S001","2022-04-25","2022","04","25","","-3.8","","-7.0","","-5.4","","23.4","","0.0","","","","","","0.0","","5","","1","","63",""
"-97.25","49.92","WINNIPEG A CS","502S001","2022-04-26","2022","04","26","","1.6","","-8.9","","-3.7","","21.7","","0.0","","","","","","0.0","","4","","","","",""
"-97.25","49.92","WINNIPEG A CS","502S001","2022-04-27","2022","04","27","","8.9","","-2.7","","3.1","","14.9","","0.0","","","","","","0.0","","3","","","","",""
"-97.25","49.92","WINNIPEG A CS","502S001","2022-04-28","2022","04","28","","8.5","","-0.1","","4.2","","13.8","","0.0","","","","","","0.0","","","","13","","33",""
"-97.25","49.92","WINNIPEG A CS","502S001","2022-04-29","2022","04","29","","12.3","","0.0","","6.1","","11.9","","0.0","","","","","","11.7","","","","7","","31",""
"-97.25","49.92","WINNIPEG A CS","502S001","2022-04-30","2022","04","30","","5.3","","3.4","","4.4","","13.6","","0.0","","","","","","33.3","","","","2","","46",""
"-97.25","49.92","WINNIPEG A CS","502S001","2022-05-01","2022","05","01","","4.0","","0.6","","2.3","","15.7","","0.0","","","","","","0.1","","","","32","","56",""
"-97.25","49.92","WINNIPEG A CS","502S001","2022-05-02","2022","05","02","","7.4","","-0.4","","3.5","","14.5","","0.0","","","","","","0.0","","","","1","","34",""
"-97.25","49.92","WINNIPEG A CS","502S001","2022-05-03","2022","05","03","","10.3","","-2.4","","3.9","","14.1","","0.0","","","","","","0.0","","","","","","",""
"-97.25","49.92","WINNIPEG A CS","502S001","2022-05-04","2022","05","04","","16.7","","1.6","","9.2","","8.8","","0.0","","","","","","0.0","","","","19","","36",""
"-97.25","49.92","WINNIPEG A CS","502S001","2022-05-05","2022","05","05","","19.1","","5.7","","12.4","","5.6","","0.0","","","","","","0.0","","","","21","","50",""
"-97.25","49.92","WINNIPEG A CS","502S001","2022-05-06","2022","05","06","","21.7","","6.0","","13.9","","4.1","","0.0","","","","","","0.1","","","","20","","52",""
"-97.25","49.92","WINNIPEG A CS","502S001","2022-05-07","2022","05","07","","23.1","","13.4","","18.2","","0.0","","0.2","","","","","","1.3","","","","17","","71",""
"-97.25","49.92","WINNIPEG A CS","502S001","2022-05-08","2022","05","08","","20.0","","11.3","","15.7","","2.3","","0.0","","","","","","2.7","","","","18","","67",""
"-97.25","49.92","WINNIPEG A CS","502S001","2022-05-09","2022","05","09","","13.8","","8.7","","11.2","","6.8","","0.0","","","","","","19.5","","","","3","","42",""
"-97.25","49.92","WINNIPEG A CS","502S001","2022-05-10","2022","05","10","","20.9","","8.6","","14.7","","3.3","","0.0","","","","","","0.1","","","","22","","57",""
"-97.25","49.92","WINNIPEG A CS","502S001","2022-05-11","2022","05","11","","19.8","","3.8","","11.8","","6.2","","0.0","","","","","","0.0","","","","2","","38",""
"-97.25","49.92","WINNIPEG A CS","502S001","2022-05-12","2022","05","12","","19.6","","7.7","","13.7","","4.3","","0.0","","","","","","6.1","","","","8","","56",""
"-97.25","49.92","WINNIPEG A CS","502S001","2022-05-13","2022","05","13","","15.1","","10.1","","12.6","","5.4","","0.0","","","","","","3.1","","","","19","","82",""
"-97.25","49.92","WINNIPEG A CS","502S001","2022-05-14","2022","05","14","","11.5","","7.3","","9.4","","8.6","","0.0","","","","","","0.2","","","","23","","58",""
"-97.25","49.92","WINNIPEG A CS","502S001","2022-05-15","2022","05","15","","13.9","","3.2","","8.5","","9.5","","0.0","","","","","","0.0","","","","33","","51",""
"-97.25","49.92","WINNIPEG A CS","502S001","2022-05-16","2022","05","16","","13.8","","-0.3","","6.8","","11.2","","0.0","","","","","","0.0","","","","","","",""
"-97.25","49.92","WINNIPEG A CS","502S001","2022-05-17","2022","05","17","","13.5","","4.6","","9.1","","8.9","","0.0","","","","","","7.6","","","","12","","34",""
"-97.25","49.92","WINNIPEG A CS","502S001","2022-05-18","2022","05","18","","12.1","","4.3","","8.2","","9.8","","0.0","","","","","","16.7","","","","12","","51",""
"-97.25","49.92","WINNIPEG A CS","502S001","2022-05-19","2022","05","19","","14.7","","4.2","","9.5","","8.5","","0.0","","","","","","24.3","","","","11","","36",""
"-97.25","49.92","WINNIPEG A CS","502S001","2022-05-20","2022","05","20","","8.2","","2.2","","5.2","","12.8","","0.0","","","","","","8.7","","","","36","","62",""
"-97.25","49.92","WINNIPEG A CS","502S001","2022-05-21","2022","05","21","","10.3","","1.8","","6.0","","12.0","","0.0","","","","","","0.0","","","","","","",""
"-97.25","49.92","WINNIPEG A CS","502S001","2022-05-22","2022","05","22","","16.2","","-0.5","","7.8","","10.2","","0.0","","","","","","0.0","","","","","","",""
"-97.25","49.92","WINNIPEG A CS","502S001","2022-05-23","2022","05","23","","18.9","","3.4","","11.2","","6.8","","0.0","","","","","","0.0","","","","20","","49",""
"-97.25","49.92","WINNIPEG A CS","502S001","2022-05-24","2022","05","24","","23.0","","8.4","","15.7","","2.3","","0.0","","","","","","0.0","","","","20","","39",""
"-97.25","49.92","WINNIPEG A CS","502S001","2022-05-25","2022","05","25","","22.1","","9.7","","15.9","","2.1","","0.0","","","","","","2.8","","","","14","","60",""
"-97.25","49.92","WINNIPEG A CS","502S001","2022-05-26","2022","05","26","","22.6","","8.7","","15.7","","2.3","","0.0","","","","","","0.2","","","","18","","44",""
"-97.25","49.92","WINNIPEG A CS","502S001","2022-05-27","2022","05","27","","24.9","","6.6","","15.8","","2.2","","0.0","","","","","","0.1","","","","","","",""
"-97.25","49.92","WINNIPEG A CS","502S001","2022-05-28","2022","05","28","","25.0","","13.5","","19.2","","0.0","","1.2","","","","","","1.0","","","","12","","40",""
"-97.25","49.92","WINNIPEG A CS","502S001","2022-05-29","2022","05","29","","18.8","","12.4","","15.6","","2.4","","0.0","","","","","","19.3","","","","12","","35",""
"-97.25","49.92","WINNIPEG A CS","502S001","2022-05-30","2022","05","30","","15.4","","13.0","","14.2","","3.8","","0.0","","","","","","35.2","","","","36","","59",""
"-97.25","49.92","WINNIPEG A CS","502S001","2022-05-31","2022","05","31","","13.9","","6.0","","9.9","","8.1","","0.0","","","","","","17.1","","","","33","","81",""
"-97.25","49.92","WINNIPEG A CS","502S001","2022-06-01","2022","06","01","","19.2","","7.1","","13.1","","4.9","","0.0","","","","","","0.3","","","","29","","64",""
"-97.25","49.92","WINNIPEG A CS","502S001","2022-06-02","2022","06","02","","10.6","","4.1","","7.3","","10.7","","0.0","","","","","","0.4","","","","30","","56",""
"-97.25","49.92","WINNIPEG A CS","502S001","2022-06-03","2022","06","03","","20.3","","2.9","","11.6","","6.4","","0.0","","","","","","0.0","","","","31","","43",""
"-97.25","49.92","WINNIPEG A CS","502S001","2022-06-04","2022","06","04","","18.9","","2.2","","10.5","","7.5","","0.0","","","","","","0.0","","","","32","","34",""
"-97.25","49.92","WINNIPEG A CS","502S001","2022-06-05","2022","06","05","","15.9","","7.5","","11.7","","6.3","","0.0","","","","","","0.1","","","","3","","43",""
"-97.25","49.92","WINNIPEG A CS","502S001","2022-06-06","2022","06","06","","21.0","","6.4","","13.7","","4.3","","0.0","","","","","","0.0","","","","4","","36",""
"-97.25","49.92","WINNIPEG A CS","502S001","2022-06-07","2022","06","07","","21.8","","5.6","","13.7","","4.3","","0.0","","","","","","0.0","","","","35","","39",""
"-97.25","49.92","WINNIPEG A CS","502S001","2022-06-08","2022","06","08","","23.6","","5.0","","14.3","","3.7","","0.0","","","","","","0.0","","","","31","","50",""
"-97.25","49.92","WINNIPEG A CS","502S001","2022-06-09","2022","06","09","","24.5","","4.9","","14.7","","3.3","","0.0","","","","","","0.0","","","","","","",""
"-97.25","49.92","WINNIPEG A CS","502S001","2022-06-10","2022","06","10","","25.6","","12.8","","19.2","","0.0","","1.2","","","","","","0.0","","","","","","",""
"-97.25","49.92","WINNIPEG A CS","502S001","2022-06-11","2022","06","11","","27.3","","16.0","","21.6","","0.0","","3.6","","","","","","0.0","","","","","","",""
"-97.25","49.92","WINNIPEG A CS","502S001","2022-06-12","2022","06","12","","20.3","","14.6","","17.5","","0.5","","0.0","","","","","","11.9","","","","15","","35",""
"-97.25","49.92","WINNIPEG A CS","502S001","2022-06-13","2022","06","13","","27.0","","12.4","","19.7","","0.0","","1.7","","","","","","0.0","","","","10","","37",""
"-97.25","49.92","WINNIPEG A CS","502S001","2022-06-14","2022","06","14","","23.3","","13.8","","18.6","","0.0","","0.6","","","","","","13.8","","","","12","","60",""
"-97.25","49.92","WINNIPEG A CS","502S001","2022-06-15","2022","06","15","","23.7","","12.1","","17.9","","0.1","","0.0","","","","","","6.6","","","","23","","59",""
"-97.25","49.92","WINNIPEG A CS","502S001","2022-06-16","2022","06","16","","22.3","","12.4","","17.3","","0.7","","0.0","","","","","","0.0","","","","31","","53",""
"-97.25","49.92","WINNIPEG A CS","502S001","2022-06-17","2022","06","17","","25.0","","10.2","","17.6","","0.4","","0.0","","","","","","0.0","","","","13","","35",""
"-97.25","49.92","WINNIPEG A CS","502S001","2022-06-18","2022","06","18","","28.3","","16.0","","22.1","","0.0","","4.1","","","","","","1.9","","","","16","","58",""
"-97.25","49.92","WINNIPEG A CS","502S001","2022-06-19","2022","06","19","","37.0","","22.0","","29.5","","0.0","","11.5","","","","","","0.0","","","","17","","66",""
"-97.25","49.92","WINNIPEG A CS","502S001","2022-06-20","2022","06","20","","30.6","","18.1","","24.3","","0.0","","6.3","","","","","","0.2","","","","23","","56",""
"-97.25","49.92","WINNIPEG A CS","502S001","2022-06-21","2022","06","21","","20.5","","12.2","","16.3","","1.7","","0.0","","","","","","17.2","","","","31","","51",""
"-97.25","49.92","WINNIPEG A CS","502S001","2022-06-22","2022","06","22","","27.2","","9.9","","18.5","","0.0","","0.5","","","","","","0.0","","","","25","","35",""
"-97.25","49.92","WINNIPEG A CS","502S001","2022-06-23","2022","06","23","","31.3","","19.5","","25.4","","0.0","","7.4","","","","","","0.2","","","","27","","40",""
"-97.25","49.92","WINNIPEG A CS","502S001","2022-06-24","2022","06","24","","28.7","","16.1","","22.4","","0.0","","4.4","","","","","","55.7","","","","31","","47",""
"-97.25","49.92","WINNIPEG A CS","502S001","2022-06-25","2022","06","25","","20.5","","11.5","","16.0","","2.0","","0.0","","","","","","5.6","","","","30","","56",""
"-97.25","49.92","WINNIPEG A CS","502S001","2022-06-26","2022","06","26","","20.8","","10.9","","15.9","","2.1","","0.0","","","","","","0.0","","","","34","","67",""
"-97.25","49.92","WINNIPEG A CS","502S001","2022-06-27","2022","06","27","","28.2","","14.0","","21.1","","0.0","","3.1","","","","","","2.0","","","","29","","64",""
"-97.25","49.92","WINNIPEG A CS","502S001","2022-06-28","2022","06","28","","20.1","","12.3","","16.2","","1.8","","0.0","","","","","","0.0","","","","33","","41",""
"-97.25","49.92","WINNIPEG A CS","502S001","2022-06-29","2022","06","29","","24.5","","10.5","","17.5","","0.5","","0.0","","","","","","0.0","","","","20","","47",""
"-97.25","49.92","WINNIPEG A CS","502S001","2022-06-30","2022","06","30","","20.7","","13.2","","17.0","","1.0","","0.0","","","","","","0.1","","","","29","","53",""
"-97.25","49.92","WINNIPEG A CS","502S001","2022-07-01","2022","07","01","","21.6","","8.3","","14.9","","3.1","","0.0","","","","","","0.1","","","","32","","50",""
"-97.25","49.92","WINNIPEG A CS","502S001","2022-07-02","2022","07","02","","22.5","","11.3","","16.9","","1.1","","0.0","","","","","","0.0","","","","","","",""
"-97.25","49.92","WINNIPEG A CS","502S001","2022-07-03","2022","07","03","","27.2","","13.8","","20.5","","0.0","","2.5","","","","","","6.1","","","","","","",""
"-97.25","49.92","WINNIPEG A CS","502S001","2022-07-04","2022","07","04","","20.1","","16.3","","18.2","","0.0","","0.2","","","","","","8.3","","","","4","","32",""
"-97.25","49.92","WINNIPEG A CS","502S001","2022-07-05","2022","07","05","","25.9","","16.2","","21.1","","0.0","","3.1","","","","","","0.0","","","","","","",""
"-97.25","49.92","WINNIPEG A CS","502S001","2022-07-06","2022","07","06","","27.3","","15.9","","21.6","","0.0","","3.6","","","","","","7.0","","","","1","","56",""
"-97.25","49.92","WINNIPEG A CS","502S001","2022-07-07","2022","07","07","","23.4","","14.1","","18.8","","0.0","","0.8","","","","","","0.0","","","","36","","34",""
"-97.25","49.92","WINNIPEG A CS","502S001","2022-07-08","2022","07","08","","26.9","","12.8","","19.8","","0.0","","1.8","","","","","","0.0","","","","","","",""
"-97.25","49.92","WINNIPEG A CS","502S001","2022-07-09","2022","07","09","","29.7","","16.2","","23.0","","0.0","","5.0","","","","","","0.0","","","","20","","46",""
"-97.25","49.92","WINNIPEG A CS","502S001","2022-07-10","2022","07","10","","25.8","","18.5","","22.1","","0.0","","4.1","","","","","","0.1","","","","31","","49",""
"-97.25","49.92","WINNIPEG A CS","502S001","2022-07-11","2022","07","11","","25.6","","16.6","","21.1","","0.0","","3.1","","","","","","17.2","","","","31","","44",""
"-97.25","49.92","WINNIPEG A CS","502S001","2022-07-12","2022","07","12","","25.1","","14.3","","19.7","","0.0","","1.7","","","","","","0.0","","","","30","","40",""
"-97.25","49.92","WINNIPEG A CS","502S001","2022-07-13","2022","07","13","","27.5","","13.6","","20.6","","0.0","","2.6","","","","","","0.0","","","","","","",""
"-97.25","49.92","WINNIPEG A CS","502S001","2022-07-14","2022","07","14","","23.2","","17.8","","20.5","","0.0","","2.5","","","","","","0.0","","","","17","","44",""
"-97.25","49.92","WINNIPEG A CS","502S001","2022-07-15","2022","07","15","","29.4","","15.1","","22.2","","0.0","","4.2","","","","","","0.0","","","","","","",""
"-97.25","49.92","WINNIPEG A CS","502S001","2022-07-16","2022","07","16","","27.2","","19.2","","23.2","","0.0","","5.2","","","","","","2.2","","","","20","","34",""
"-97.25","49.92","WINNIPEG A CS","502S001","2022-07-17","2022","07","17","","32.0","","19.8","","25.9","","0.0","","7.9","","","","","","0.0","","","","17","","37",""
"-97.25","49.92","WINNIPEG A CS","502S001","2022-07-18","2022","07","18","","30.1","","20.3","","25.2","","0.0","","7.2","","","","","","2.6","","","","28","","49",""
"-97.25","49.92","WINNIPEG A CS","502S001","2022-07-19","2022","07","19","","25.5","","18.6","","22.0","","0.0","","4.0","","","","","","29.3","","","","18","","53",""
"-97.25","49.92","WINNIPEG A CS","502S001","2022-07-20","2022","07","20","","27.1","","13.4","","20.2","","0.0","","2.2","","","","","","0.0","","","","29","","40",""
"-97.25","49.92","WINNIPEG A CS","502S001","2022-07-21","2022","07","21","","26.5","","13.9","","20.2","","0.0","","2.2","","","","","","0.0","","","","26","","38",""
"-97.25","49.92","WINNIPEG A CS","502S001","2022-07-22","2022","07","22","","25.0","","15.1","","20.0","","0.0","","2.0","","","","","","0.0","","","","29","","36",""
"-97.25","49.92","WINNIPEG A CS","502S001","2022-07-23","2022","07","23","","23.7","","13.4","","18.5","","0.0","","0.5","","","","","","0.0","","","","31","","44",""
"-97.25","49.92","WINNIPEG A CS","502S001","2022-07-24","2022","07","24","","20.7","","11.9","","16.3","","1.7","","0.0","","","","","","0.0","","","","35","","34",""
"-97.25","49.92","WINNIPEG A CS","502S001","2022-07-25","2022","07","25","","25.5","","11.5","","18.5","","0.0","","0.5","","","","","","3.2","","","","23","","36",""
"-97.25","49.92","WINNIPEG A CS","502S001","2022-07-26","2022","07","26","","24.5","","13.3","","18.9","","0.0","","0.9","","","","","","4.3","","","","29","","56",""
"-97.25","49.92","WINNIPEG A CS","502S001","2022-07-27","2022","07","27","","19.6","","11.4","","15.5","","2.5","","0.0","","","","","","4.1","","","","34","","46",""
"-97.25","49.92","WINNIPEG A CS","502S001","2022-07-28","2022","07","28","","22.5","","11.2","","16.8","","1.2","","0.0","","","","","","0.0","","","","34","","38",""
"-97.25","49.92","WINNIPEG A CS","502S001","2022-07-29","2022","07","29","","25.7","","9.2","","17.5","","0.5","","0.0","","","","","","0.0","","","","26","","35",""
"-97.25","49.92","WINNIPEG A CS","502S001","2022-07-30","2022","07","30","","28.8","","13.9","","21.3","","0.0","","3.3","","","","","","0.0","","","","18","","34",""
"-97.25","49.92","WINNIPEG A CS","502S001","2022-07-31","2022","07","31","","23.2","","11.9","","17.6","","0.4","","0.0","","","","","","1.3","","","","2","","48",""
"-97.25","49.92","WINNIPEG A CS","502S001","2022-08-01","2022","08","01","","24.3","","11.0","","17.6","","0.4","","0.0","","","","","","0.0","","","","","","",""
"-97.25","49.92","WINNIPEG A CS","502S001","2022-08-02","2022","08","02","","27.8","","13.7","","20.7","","0.0","","2.7","","","","","","0.0","","","","19","","53",""
"-97.25","49.92","WINNIPEG A CS","502S001","2022-08-03","2022","08","03","","22.2","","11.5","","16.9","","1.1","","0.0","","","","","","0.1","","","","28","","51",""
"-97.25","49.92","WINNIPEG A CS","502S001","2022-08-04","2022","08","04","","26.2","","11.3","","18.7","","0.0","","0.7","","","","","","0.0","","","","18","","56",""
"-97.25","49.92","WINNIPEG A CS","502S001","2022-08-05","2022","08","05","","27.9","","16.9","","22.4","","0.0","","4.4","","","","","","0.3","","","","17","","53",""
"-97.25","49.92","WINNIPEG A CS","502S001","2022-08-06","2022","08","06","","19.3","","9.3","","14.3","","3.7","","0.0","","","","","","0.0","","","","31","","42",""
"-97.25","49.92","WINNIPEG A CS","502S001","2022-08-07","2022","08","07","","20.5","","5.9","","13.2","","4.8","","0.0","","","","","","0.0","","","","","","",""
"-97.25","49.92","WINNIPEG A CS","502S001","2022-08-08","2022","08","08","","28.2","","12.0","","20.1","","0.0","","2.1","","","","","","0.0","","","","19","","49",""
"-97.25","49.92","WINNIPEG A CS","502S001","2022-08-09","2022","08","09","","23.6","","13.0","","18.3","","0.0","","0.3","","","","","","0.0","","","","32","","38",""
"-97.25","49.92","WINNIPEG A CS","502S001","2022-08-10","2022","08","10","","22.8","","9.4","","16.1","","1.9","","0.0","","","","","","0.0","","","","32","","39",""
"-97.25","49.92","WINNIPEG A CS","502S001","2022-08-11","2022","08","11","","24.7","","6.8","","15.7","","2.3","","0.0","","","","","","0.0","","","","19","","35",""
"-97.25","49.92","WINNIPEG A CS","502S001","2022-08-12","2022","08","12","","26.7","","16.0","","21.3","","0.0","","3.3","","","","","","0.0","","","","","","",""
"-97.25","49.92","WINNIPEG A CS","502S001","2022-08-13","2022","08","13","","27.9","","14.4","","21.1","","0.0","","3.1","","","","","","0.0","","","","","","",""
"-97.25","49.92","WINNIPEG A CS","502S001","2022-08-14","2022","08","14","","27.6","","14.2","","20.9","","0.0","","2.9","","","","","","0.0","","","","19","","33",""
"-97.25","49.92","WINNIPEG A CS","502S001","2022-08-15","2022","08","15","","25.4","","16.9","","21.1","","0.0","","3.1","","","","","","58.8","","","","24","","48",""
"-97.25","49.92","WINNIPEG A CS","502S001","2022-08-16","2022","08","16","","27.0","","13.6","","20.3","","0.0","","2.3","","","","","","0.0","","","","","","",""
"-97.25","49.92","WINNIPEG A CS","502S001","2022-08-17","2022","08","17","","29.0","","17.2","","23.1","","0.0","","5.1","","","","","","0.0","","","","35","","35",""
"-97.25","49.92","WINNIPEG A CS","502S001","2022-08-18","2022","08","18","","22.6","","17.1","","19.9","","0.0","","1.9","","","","","","41.7","","","","29","","52",""
"-97.25","49.92","WINNIPEG A CS","502S001","2022-08-19","2022","08","19","","25.1","","13.9","","19.5","","0.0","","1.5","","","","","","0.1","","","","36","","37",""
"-97.25","49.92","WINNIPEG A CS","502S001","2022-08-20","2022","08","20","","25.8","","11.7","","18.7","","0.0","","0.7","","","","","","0.0","","","","","","",""
"-97.25","49.92","WINNIPEG A CS","502S001","2022-08-21","2022","08","21","","28.4","","11.7","","20.1","","0.0","","2.1","","","","","","0.0","","","","","","",""
"-97.25","49.92","WINNIPEG A CS","502S001","2022-08-22","2022","08","22","","27.0","","15.1","","21.0","","0.0","","3.0","","","","","","0.0","","","","","","",""
"-97.25","49.92","WINNIPEG A CS","502S001","2022-08-23","2022","08","23","","23.8","","13.9","","18.9","","0.0","","0.9","","","","","","1.9","","","","2","","34",""
"-97.25","49.92","WINNIPEG A CS","502S001","2022-08-24","2022","08","24","","22.2","","11.5","","16.9","","1.1","","0.0","","","","","","0.0","","","","35","","31",""
"-97.25","49.92","WINNIPEG A CS","502S001","2022-08-25","2022","08","25","","23.3","","6.0","","14.7","","3.3","","0.0","","","","","","0.0","","","","","","",""
"-97.25","49.92","WINNIPEG A CS","502S001","2022-08-26","2022","08","26","","27.5","","14.5","","21.0","","0.0","","3.0","","","","","","0.0","","","","","","",""
"-97.25","49.92","WINNIPEG A CS","502S001","2022-08-27","2022","08","27","","23.8","","13.6","","18.7","","0.0","","0.7","","","","","","0.1","","","","17","","39",""
"-97.25","49.92","WINNIPEG A CS","502S001","2022-08-28","2022","08","28","","27.5","","16.7","","22.1","","0.0","","4.1","","","","","","0.2","","","","20","","38",""
"-97.25","49.92","WINNIPEG A CS","502S001","2022-08-29","2022","08","29","","22.0","","12.9","","17.4","","0.6","","0.0","","","","","","11.9","","","","30","","53",""
"-97.25","49.92","WINNIPEG A CS","502S001","2022-08-30","2022","08","30","","26.2","","11.0","","18.6","","0.0","","0.6","","","","","","0.0","","","","30","","36",""
"-97.25","49.92","WINNIPEG A CS","502S001","2022-08-31","2022","08","31","","29.6","","11.7","","20.7","","0.0","","2.7","","","","","","0.0","","","","","","",""
"-97.25","49.92","WINNIPEG A CS","502S001","2022-09-01","2022","09","01","","32.7","","15.3","","24.0","","0.0","","6.0","","","","","","0.0","","","","19","","52",""
"-97.25","49.92","WINNIPEG A CS","502S001","2022-09-02","2022","09","02","","24.1","","8.0","","16.1","","1.9","","0.0","","","","","","0.0","","","","32","","50",""
"-97.25","49.92","WINNIPEG A CS","502S001","2022-09-03","2022","09","03","","23.0","","5.6","","14.3","","3.7","","0.0","","","","","","0.0","","","","","","",""
"-97.25","49.92","WINNIPEG A CS","502S001","2022-09-04","2022","09","04","","25.0","","11.3","","18.2","","0.0","","0.2","","","","","","0.0","","","","17","","44",""
"-97.25","49.92","WINNIPEG A CS","502S001","2022-09-05","2022","09","05","","26.8","","13.6","","20.2","","0.0","","2.2","","","","","","0.0","","","","17","","55",""
"-97.25","49.92","WINNIPEG A CS","502S001","2022-09-06","2022","09","06","","25.2","","12.7","","18.9","","0.0","","0.9","","","","","","0.0","","","","18","","47",""
"-97.25","49.92","WINNIPEG A CS","502S001","2022-09-07","2022","09","07","","27.6","","6.0","","16.8","","1.2","","0.0","","","","","","0.0","","","","15","","43",""
"-97.25","49.92","WINNIPEG A CS","502S001","2022-09-08","2022","09","08","","23.0","","11.0","","17.0","","1.0","","0.0","","","","","","0.0","","","","32","","49",""
"-97.25","49.92","WINNIPEG A CS","502S001","2022-09-09","2022","09","09","","19.7","","6.7","","13.2","","4.8","","0.0","","","","","","0.0","","","","30","","38",""
"-97.25","49.92","WINNIPEG A CS","502S001","2022-09-10","2022","09","10","","17.6","","4.4","","11.0","","7.0","","0.0","","","","","","0.0","","","","29","","32",""
"-97.25","49.92","WINNIPEG A CS","502S001","2022-09-11","2022","09","11","","26.4","","3.5","","14.9","","3.1","","0.0","","","","","","0.0","","","","23","","31",""
"-97.25","49.92","WINNIPEG A CS","502S001","2022-09-12","2022","09","12","","30.1","","7.3","","18.7","","0.0","","0.7","","","","","","0.0","","","","1","","43",""
"-97.25","49.92","WINNIPEG A CS","502S001","2022-09-13","2022","09","13","","17.7","","3.3","","10.5","","7.5","","0.0","","","","","","0.0","","","","1","","38",""
"-97.25","49.92","WINNIPEG A CS","502S001","2022-09-14","2022","09","14","","19.0","","7.1","","13.0","","5.0","","0.0","","","","","","0.1","","","","11","","48",""
"-97.25","49.92","WINNIPEG A CS","502S001","2022-09-15","2022","09","15","","16.9","","11.8","","14.3","","3.7","","0.0","","","","","","2.1","","","","4","","42",""
"-97.25","49.92","WINNIPEG A CS","502S001","2022-09-16","2022","09","16","","13.2","","11.8","","12.5","","5.5","","0.0","","","","","","29.1","","","","4","","35",""
"-97.25","49.92","WINNIPEG A CS","502S001","2022-09-17","2022","09","17","","16.2","","12.9","","14.6","","3.4","","0.0","","","","","","1.5","","","","","","",""
"-97.25","49.92","WINNIPEG A CS","502S001","2022-09-18","2022","09","18","","21.9","","9.3","","15.6","","2.4","","0.0","","","","","","0.0","","","","","","",""
"-97.25","49.92","WINNIPEG A CS","502S001","2022-09-19","2022","09","19","","23.3","","7.7","","15.5","","2.5","","0.0","","","","","","2.0","","","","33","","41",""
"-97.25","49.92","WINNIPEG A CS","502S001","2022-09-20","2022","09","20","","19.6","","10.8","","15.2","","2.8","","0.0","","","","","","0.3","","","","28","","55",""
"-97.25","49.92","WINNIPEG A CS","502S001","2022-09-21","2022","09","21","","14.4","","2.6","","8.5","","9.5","","0.0","","","","","","0.0","","","","32","","43",""
"-97.25","49.92","WINNIPEG A CS","502S001","2022-09-22","2022","09","22","","15.6","","-0.1","","7.7","","10.3","","0.0","","","","","","0.0","","","","","","",""
"-97.25","49.92","WINNIPEG A CS","502S001","2022-09-23","2022","09","23","","14.6","","7.0","","10.8","","7.2","","0.0","","","","","","0.0","","","","17","","42",""
"-97.25","49.92","WINNIPEG A CS","502S001","2022-09-24","2022","09","24","","17.6","","8.1","","12.8","","5.2","","0.0","","","","","","1.2","","","","31","","33",""
"-97.25","49.92","WINNIPEG A CS","502S001","2022-09-25","2022","09","25","","16.8","","3.7","","10.3","","7.7","","0.0","","","","","","0.0","","","","33","","64",""
"-97.25","49.92","WINNIPEG A CS","502S001","2022-09-26","2022","09","26","","15.9","","1.2","","8.6","","9.4","","0.0","","","","","","0.0","","","","3","","37",""
"-97.25","49.92","WINNIPEG A CS","502S001","2022-09-27","2022","09","27","","","M","","M","","M","","M","","M","","","","","","M","","","","M","","M"
"-97.25","49.92","WINNIPEG A CS","502S001","2022-09-28","2022","09","28","","19.0","","0.8","","9.9","","8.1","","0.0","","","","","","0.0","","","","19","","59",""
"-97.25","49.92","WINNIPEG A CS","502S001","2022-09-29","2022","09","29","","21.7","","8.2","","15.0","","3.0","","0.0","","","","","","0.0","","","","18","","45",""
"-97.25","49.92","WINNIPEG A CS","502S001","2022-09-30","2022","09","30","","21.2","","5.4","","13.3","","4.7","","0.0","","","","","","0.0","","","","3","","35",""
"-97.25","49.92","WINNIPEG A CS","502S001","2022-10-01","2022","10","01","","12.5","","6.9","","9.7","","8.3","","0.0","","","","","","0.0","","","","","","",""
"-97.25","49.92","WINNIPEG A CS","502S001","2022-10-02","2022","10","02","","21.4","","4.2","","12.8","","5.2","","0.0","","","","","","0.0","","","","18","","32",""
"-97.25","49.92","WINNIPEG A CS","502S001","2022-10-03","2022","10","03","","20.5","","11.6","","16.0","","2.0","","0.0","","","","","","0.0","","","","","","",""
"-97.25","49.92","WINNIPEG A CS","502S001","2022-10-04","2022","10","04","","20.9","","8.7","","14.8","","3.2","","0.0","","","","","","0.0","","","","","","",""
"-97.25","49.92","WINNIPEG A CS","502S001","2022-10-05","2022","10","05","","19.9","","2.3","","11.1","","6.9","","0.0","","","","","","0.0","","","","35","","61",""
"-97.25","49.92","WINNIPEG A CS","502S001","2022-10-06","2022","10","06","","5.5","","-6.4","","-0.4","","18.4","","0.0","","","","","","0.6","","","","2","","40",""
"-97.25","49.92","WINNIPEG A CS","502S001","2022-10-07","2022","10","07","","11.3","","-6.9","","2.2","","15.8","","0.0","","","","","","0.0","","","","25","","41",""
"-97.25","49.92","WINNIPEG A CS","502S001","2022-10-08","2022","10","08","","17.6","","0.3","","8.9","","9.1","","0.0","","","","","","1.3","","","","3","","46",""
"-97.25","49.92","WINNIPEG A CS","502S001","2022-10-09","2022","10","09","","13.2","","0.7","","7.0","","11.0","","0.0","","","","","","0.0","","","","5","","41",""
"-97.25","49.92","WINNIPEG A CS","502S001","2022-10-10","2022","10","10","","20.6","","1.1","","10.8","","7.2","","0.0","","","","","","0.0","","","","17","","49",""
"-97.25","49.92","WINNIPEG A CS","502S001","2022-10-11","2022","10","11","","20.6","","6.6","","13.6","","4.4","","0.0","","","","","","0.0","","","","28","","60",""
"-97.25","49.92","WINNIPEG A CS","502S001","2022-10-12","2022","10","12","","8.2","","2.3","","5.3","","12.7","","0.0","","","","","","0.2","","","","32","","66",""
"-97.25","49.92","WINNIPEG A CS","502S001","2022-10-13","2022","10","13","","2.6","","0.3","","1.4","","16.6","","0.0","","","","","","9.1","","","","31","","49",""
"-97.25","49.92","WINNIPEG A CS","502S001","2022-10-14","2022","10","14","","5.4","","0.4","","2.9","","15.1","","0.0","","","","","","1.7","","","","32","","47",""
"-97.25","49.92","WINNIPEG A CS","502S001","2022-10-15","2022","10","15","","7.0","","1.8","","4.4","","13.6","","0.0","","","","","","1.2","","","","32","","56",""
"-97.25","49.92","WINNIPEG A CS","502S001","2022-10-16","2022","10","16","","4.2","","-4.8","","-0.3","","18.3","","0.0","","","","","","0.0","","","","33","","53",""
"-97.25","49.92","WINNIPEG A CS","502S001","2022-10-17","2022","10","17","","2.3","","-10.3","","-4.0","","22.0","","0.0","","","","","","0.0","","","","3","","36",""
"-97.25","49.92","WINNIPEG A CS","502S001","2022-10-18","2022","10","18","","4.5","","-9.5","","-2.5","","20.5","","0.0","","","","","","0.0","","","","","","",""
"-97.25","49.92","WINNIPEG A CS","502S001","2022-10-19","2022","10","19","","12.3","","-1.7","","5.3","","12.7","","0.0","","","","","","0.0","","","","","","",""
"-97.25","49.92","WINNIPEG A CS","502S001","2022-10-20","2022","10","20","","16.3","","-3.6","","6.4","","11.6","","0.0","","","","","","0.0","","","","19","","32",""
"-97.25","49.92","WINNIPEG A CS","502S001","2022-10-21","2022","10","21","","15.8","","3.4","","9.6","","8.4","","0.0","","","","","","0.0","","","","27","","38",""
"-97.25","49.92","WINNIPEG A CS","502S001","2022-10-22","2022","10","22","","9.3","","2.0","","5.7","","12.3","","0.0","","","","","","0.0","","","","6","","36",""
"-97.25","49.92","WINNIPEG A CS","502S001","2022-10-23","2022","10","23","","12.9","","6.2","","9.5","","8.5","","0.0","","","","","","0.0","","","","6","","48",""
"-97.25","49.92","WINNIPEG A CS","502S001","2022-10-24","2022","10","24","","14.7","","1.3","","8.0","","10.0","","0.0","","","","","","33.5","","","","18","","55",""
"-97.25","49.92","WINNIPEG A CS","502S001","2022-10-25","2022","10","25","","3.9","","0.2","","2.1","","15.9","","0.0","","","","","","0.0","","","","31","","35",""
"-97.25","49.92","WINNIPEG A CS","502S001","2022-10-26","2022","10","26","","1.9","","-1.0","","0.5","","17.5","","0.0","","","","","","0.0","","","","","","",""
"-97.25","49.92","WINNIPEG A CS","502S001","2022-10-27","2022","10","27","","14.0","","-1.4","","6.3","","11.7","","0.0","","","","","","0.0","","","","21","","53",""
"-97.25","49.92","WINNIPEG A CS","502S001","2022-10-28","2022","10","28","","14.7","","3.9","","9.3","","8.7","","0.0","","","","","","0.0","","","","22","","42",""
"-97.25","49.92","WINNIPEG A CS","502S001","2022-10-29","2022","10","29","","14.5","","3.6","","9.1","","8.9","","0.0","","","","","","0.0","","","","","","",""
"-97.25","49.92","WINNIPEG A CS","502S001","2022-10-30","2022","10","30","","13.2","","-1.9","","5.7","","12.3","","0.0","","","","","","0.0","","","","20","","40",""
"-97.25","49.92","WINNIPEG A CS","502S001","2022-10-31","2022","10","31","","10.9","","4.0","","7.4","","10.6","","0.0","","","","","","0.0","","","","20","","35",""
"-97.25","49.92","WINNIPEG A CS","502S001","2022-11-01","2022","11","01","","13.7","","-0.1","","6.8","","11.2","","0.0","","","","","","0.0","","","","13","","36",""
"-97.25","49.92","WINNIPEG A CS","502S001","2022-11-02","2022","11","02","","18.4","","2.8","","10.6","","7.4","","0.0","","","","","","0.0","","","","18","","54",""
"-97.25","49.92","WINNIPEG A CS","502S001","2022-11-03","2022","11","03","","5.5","","-3.5","","1.0","","17.0","","0.0","","","","","","0.0","","","","32","","41",""
"-97.25","49.92","WINNIPEG A CS","502S001","2022-11-04","2022","11","04","","3.9","","-7.9","","-2.0","","20.0","","0.0","","","","","","0.0","","","","19","","44",""
"-97.25","49.92","WINNIPEG A CS","502S001","2022-11-05","2022","11","05","","7.0","","-2.3","","2.3","","15.7","","0.0","","","","","","0.0","","","","15","","54",""
"-97.25","49.92","WINNIPEG A CS","502S001","2022-11-06","2022","11","06","","3.6","","-1.1","","1.3","","16.7","","0.0","","","","","","0.5","","","","32","","62",""
"-97.25","49.92","WINNIPEG A CS","502S001","2022-11-07","2022","11","07","","-1.0","","-4.3","","-2.7","","20.7","","0.0","","","","","","0.1","","","","32","","55",""
"-97.25","49.92","WINNIPEG A CS","502S001","2022-11-08","2022","11","08","","3.4","","-1.7","","0.8","","17.2","","0.0","","","","","","1.9","","","","13","","45",""
"-97.25","49.92","WINNIPEG A CS","502S001","2022-11-09","2022","11","09","","1.2","","-7.3","","-3.0","","21.0","","0.0","","","","","","0.0","","","","1","","40",""
"-97.25","49.92","WINNIPEG A CS","502S001","2022-11-10","2022","11","10","","-3.9","","-9.3","","-6.6","","24.6","","0.0","","","","","","4.0","","","","3","","58",""
"-97.25","49.92","WINNIPEG A CS","502S001","2022-11-11","2022","11","11","","-5.4","","-9.9","","-7.7","","25.7","","0.0","","","","","","1.2","","1","","1","","47",""
"-97.25","49.92","WINNIPEG A CS","502S001","2022-11-12","2022","11","12","","-7.3","","-11.0","","-9.1","","27.1","","0.0","","","","","","0.0","","0","","","","",""
"-97.25","49.92","WINNIPEG A CS","502S001","2022-11-13","2022","11","13","","-5.6","","-9.7","","-7.7","","25.7","","0.0","","","","","","0.0","","","","","","",""
"-97.25","49.92","WINNIPEG A CS","502S001","2022-11-14","2022","11","14","","-4.1","","-11.3","","-7.7","","25.7","","0.0","","","","","","0.1","","0","","","","",""
"-97.25","49.92","WINNIPEG A CS","502S001","2022-11-15","2022","11","15","","-3.5","","-12.8","","-8.1","","26.1","","0.0","","","","","","0.2","","1","","36","","33",""
"-97.25","49.92","WINNIPEG A CS","502S001","2022-11-16","2022","11","16","","-5.6","","-15.6","","-10.6","","28.6","","0.0","","","","","","1.3","","2","","","","",""
"-97.25","49.92","WINNIPEG A CS","502S001","2022-11-17","2022","11","17","","-4.7","","-15.0","","-9.9","","27.9","","0.0","","","","","","0.1","","7","","32","","46",""
"-97.25","49.92","WINNIPEG A CS","502S001","2022-11-18","2022","11","18","","-6.6","","-16.5","","-11.5","","29.5","","0.0","","","","","","0.0","","2","","33","","50",""
"-97.25","49.92","WINNIPEG A CS","502S001","2022-11-19","2022","11","19","","-10.1","","-17.6","","-13.8","","31.8","","0.0","","","","","","0.4","","2","","32","","49",""
"-97.25","49.92","WINNIPEG A CS","502S001","2022-11-20","2022","11","20","","-6.0","","-11.0","","-8.5","","26.5","","0.0","","","","","","0.0","","5","","19","","32",""
"-97.25","49.92","WINNIPEG A CS","502S001","2022-11-21","2022","11","21","","-2.5","","-10.7","","-6.6","","24.6","","0.0","","","","","","0.0","","3","","34","","50",""
"-97.25","49.92","WINNIPEG A CS","502S001","2022-11-22","2022","11","22","","-0.6","","-7.5","","-4.1","","22.1","","0.0","","","","","","0.0","","3","","20","","40",""
"-97.25","49.92","WINNIPEG A CS","502S001","2022-11-23","2022","11","23","","-0.3","","-8.1","","-4.2","","22.2","","0.0","","","","","","0.0","","4","","18","","36",""
"-97.25","49.92","WINNIPEG A CS","502S001","2022-11-24","2022","11","24","","1.0","","-7.6","","-3.3","","21.3","","0.0","","","","","","0.0","","3","","","","",""
"-97.25","49.92","WINNIPEG A CS","502S001","2022-11-25","2022","11","25","","4.4","","-6.8","","-1.2","","19.2","","0.0","","","","","","0.0","","3","","19","","44",""
"-97.25","49.92","WINNIPEG A CS","502S001","2022-11-26","2022","11","26","","4.4","","-3.4","","0.5","","17.5","","0.0","","","","","","0.0","","3","","","","",""
"-97.25","49.92","WINNIPEG A CS","502S001","2022-11-27","2022","11","27","","-0.7","","-10.3","","-5.5","","23.5","","0.0","","","","","","0.0","","2","","13","","39",""
"-97.25","49.92","WINNIPEG A CS","502S001","2022-11-28","2022","11","28","","0.5","","-6.1","","-2.8","","20.8","","0.0","","","","","","0.0","","3","","16","","52",""
"-97.25","49.92","WINNIPEG A CS","502S001","2022-11-29","2022","11","29","","-4.0","","-10.9","","-7.4","","25.4","","0.0","","","","","","0.0","","3","","31","","52",""
"-97.25","49.92","WINNIPEG A CS","502S001","2022-11-30","2022","11","30","","-10.9","","-19.3","","-15.1","","33.1","","0.0","","","","","","0.0","","7","","31","","62",""
"-97.25","49.92","WINNIPEG A CS","502S001","2022-12-01","2022","12","01","","-7.6","","-18.5","","-13.0","","31.0","","0.0","","","","","","0.0","","4","","12","","33",""
"-97.25","49.92","WINNIPEG A CS","502S001","2022-12-02","2022","12","02","","-8.5","","-22.6","","-15.6","","33.6","","0.0","","","","","","0.0","","4","","32","","49",""
"-97.25","49.92","WINNIPEG A CS","502S001","2022-12-03","2022","12","03","","-13.8","","-22.9","","-18.3","","36.3","","0.0","","","","","","0.0","","4","","25","","35",""
"-97.25","49.92","WINNIPEG A CS","502S001","2022-12-04","2022","12","04","","-4.0","","-16.3","","-10.2","","28.2","","0.0","","","","","","2.6","","4","","29","","41",""
"-97.25","49.92","WINNIPEG A CS","502S001","2022-12-05","2022","12","05","","-5.8","","-28.0","","-16.9","","34.9","","0.0","","","","","","0.0","","7","","29","","44",""
"-97.25","49.92","WINNIPEG A CS","502S001","2022-12-06","2022","12","06","","-18.4","","-31.4","","-24.9","","42.9","","0.0","","","","","","0.7","","6","","","","",""
"-97.25","49.92","WINNIPEG A CS","502S001","2022-12-07","2022","12","07","","-18.5","","-33.4","","-26.0","","44.0","","0.0","","","","","","0.0","","6","","18","","47",""
"-97.25","49.92","WINNIPEG A CS","502S001","2022-12-08","2022","12","08","","-10.8","","-18.9","","-14.8","","32.8","","0.0","","","","","","0.0","","5","","18","","43",""
"-97.25","49.92","WINNIPEG A CS","502S001","2022-12-09","2022","12","09","","-1.6","","-14.1","","-7.8","","25.8","","0.0","","","","","","0.0","","5","","16","","37",""
"-97.25","49.92","WINNIPEG A CS","502S001","2022-12-10","2022","12","10","","-0.4","","-1.9","","-1.2","","19.2","","0.0","","","","","","0.0","","6","","16","","37",""
"-97.25","49.92","WINNIPEG A CS","502S001","2022-12-11","2022","12","11","","0.5","","-1.9","","-0.7","","18.7","","0.0","","","","","","0.1","","6","","14","","37",""
"-97.25","49.92","WINNIPEG A CS","502S001","2022-12-12","2022","12","12","","-0.6","","-2.7","","-1.7","","19.7","","0.0","","","","","","0.0","","5","","15","","46",""
"-97.25","49.92","WINNIPEG A CS","502S001","2022-12-13","2022","12","13","","0.0","","-1.3","","-0.7","","18.7","","0.0","","","","","","0.6","","5","","","","",""
"-97.25","49.92","WINNIPEG A CS","502S001","2022-12-14","2022","12","14","","0.6","","-1.6","","-0.5","","18.5","","0.0","","","","","","7.5","","14","","9","","33",""
"-97.25","49.92","WINNIPEG A CS","502S001","2022-12-15","2022","12","15","","0.3","","-4.3","","-2.0","","20.0","","0.0","","","","","","0.9","","17","","2","","56",""
"-97.25","49.92","WINNIPEG A CS","502S001","2022-12-16","2022","12","16","","-4.3","","-10.0","","-7.2","","25.2","","0.0","","","","","","0.0","","12","","35","","45",""
"-97.25","49.92","WINNIPEG A CS","502S001","2022-12-17","2022","12","17","","-10.0","","-16.6","","-13.3","","31.3","","0.0","","","","","","0.0","","12","","35","","52",""
"-97.25","49.92","WINNIPEG A CS","502S001","2022-12-18","2022","12","18","","-16.0","","-25.7","","-20.8","","38.8","","0.0","","","","","","0.0","","12","","1","","37",""
"-97.25","49.92","WINNIPEG A CS","502S001","2022-12-19","2022","12","19","","-17.1","","-24.3","","-20.7","","38.7","","0.0","","","","","","1.1","","11","","","","",""
"-97.25","49.92","WINNIPEG A CS","502S001","2022-12-20","2022","12","20","","-18.9","","-30.7","","-24.8","","42.8","","0.0","","","","","","0.1","","12","","29","","35",""
"-97.25","49.92","WINNIPEG A CS","502S001","2022-12-21","2022","12","21","","-22.3","","-31.7","","-27.0","","45.0","","0.0","","","","","","1.1","","12","","","","",""
"-97.25","49.92","WINNIPEG A CS","502S001","2022-12-22","2022","12","22","","-20.5","","-25.5","","-23.0","","41.0","","0.0","","","","","","0.0","","13","","34","","45",""
"-97.25","49.92","WINNIPEG A CS","502S001","2022-12-23","2022","12","23","","-21.3","","-25.1","","-23.2","","41.2","","0.0","","","","","","0.0","","11","","33","","47",""
"-97.25","49.92","WINNIPEG A CS","502S001","2022-12-24","2022","12","24","","-21.0","","-27.1","","-24.1","","42.1","","0.0","","","","","","0.0","","12","","32","","37",""
"-97.25","49.92","WINNIPEG A CS","502S001","2022-12-25","2022","12","25","","-16.8","","-26.8","","-21.8","","39.8","","0.0","","","","","","0.0","","12","","","","",""
"-97.25","49.92","WINNIPEG A CS","502S001","2022-12-26","2022","12","26","","-12.3","","-22.9","","-17.6","","35.6","","0.0","","","","","","0.0","","12","","21","","40",""
"-97.25","49.92","WINNIPEG A CS","502S001","2022-12-27","2022","12","27","","-8.7","","-14.9","","-11.8","","29.8","","0.0","","","","","","1.0","","14","","16","","36",""
"-97.25","49.92","WINNIPEG A CS","502S001","2022-12-28","2022","12","28","","-4.8","","-8.9","","-6.9","","24.9","","0.0","","","","","","0.4","","14","","","","",""
"-97.25","49.92","WINNIPEG A CS","502S001","2022-12-29","2022","12","29","","-5.5","","-14.3","","-9.9","","27.9","","0.0","","","","","","0.5","","14","","31","","36",""
"-97.25","49.92","WINNIPEG A CS","502S001","2022-12-30","2022","12","30","","-8.9","","-16.3","","-12.6","","30.6","","0.0","","","","","","0.0","","14","","18","","32",""
"-97.25","49.92","WINNIPEG A CS","502S001","2022-12-31","2022","12","31","","-7.2","","-9.0","","-8.1","","26.1","","0.0","","","","","","0.1","","14","","18","","34",""
